PersonID,Username,Password
1,sdalinder0,uR2vd7cg51HF
2,sdrakes1,8bFl6sPL
3,rleblanc2,9CWO9FG
4,cdrew3,BW4bHzYrPWYn
5,dboolsen4,TRo0Yq4ID
6,aleeke5,CCRVAF50Srd
7,rvedyaev6,Ef9K7z
8,rbollon7,XVhSe3fVW63k
9,sstagge8,BjBvi7
10,kcolquite9,gMhG13Kleb
11,wpowella,F1tMbt8XqPE5
12,dferrieb,4tl75H
13,ltanslyc,ngw6yw
14,lgodmerd,SCj5COGPEp
15,abeechinge,CSR6bt
16,kgeertjef,GXo5b1Nf0d
17,ncutillg,Bx0RMWwxiY2A
18,jtessierh,B6F6eHqnRzu7
19,cmcfarlandi,uK3geYml1B
20,qlynockj,41KzQjh
21,wmacduffiek,XneGP1vwX
22,tpehrssonl,QAWB6ca
23,cclaybornm,yJZ8I34
24,bwoodcroftn,bAjQ1aEbPx2
25,jbeggso,jNNecd
26,tubsdellp,VvPysabT
27,dglasonq,hvPUetfaDO8R
28,vabrashkovr,3JdP3s
29,lmatissoffs,CpRU0ThhL
30,yhannafordt,YSIRAuwaUay
31,klutmanu,tamNl2CZ
32,ibleakmanv,qVGHA2ySbmyc
33,nspinneyw,CuFZDOi
34,cabramoviczx,X8FQfcWflIy
35,cacklandy,iMafOgf
36,kgregorattiz,6dr7Z5
37,csleightholm10,RcPMwci
38,lbattie11,wjnTCthdW8iF
39,cdelascy12,UW4K7Mv
40,iparsonage13,JYHPK4gGhzeH
41,bpawley14,5F8BbxzEUx36
42,tmckee15,SuWUVC5e1NS
43,tmiddlewick16,OFi37ddS
44,nnursey17,BzIVx1qTjw
45,gbanbridge18,71B3mHy
46,begdell19,NXGxX6TCASQ
47,wrahl1a,Mzu7GUjPZ
48,bbonnin1b,KuZIKj
49,mizacenko1c,HjxtkQs9
50,wferier1d,dJpXmCLexb
51,aharland1e,fqHSmw9O4
52,mcicchitello1f,IEZUFTi
53,bcharker1g,EMjWm08u
54,bstowte1h,kQOYW8plI
55,bsnaddon1i,0fmSrey2g
56,mfolkes1j,0S3yIq6Bb
57,knolda1k,NDhfMeJ
58,brishbrook1l,EJUlDn
59,sladson1m,E9ACIs3yx
60,sengeham1n,sKj5kerUM
61,bwhissell1o,KBJZdlNLRWOv
62,bkittley1p,8ubUpH
63,bdarwent1q,faze06oBoDtr
64,castlet1r,aA3plFRMQ1
65,fhanselmann1s,292w46nezbH
66,sleverage1t,YDkvhtACSu3G
67,epudden1u,yXUkyOnV
68,eprandi1v,ADEZk7YJmrfZ
69,scoard1w,QUhxIShq46y
70,gyankishin1x,S9X2chpiHx6
71,bmachin1y,IQXlwsrFHVf
72,ehatherley1z,cOo75o
73,lmacneachtain20,1ZOwmlCV
74,oforward21,Hcy3i3H
75,tjamrowicz22,xKPkPGcxtqd
76,scowie23,jVAhNhRt0JD
77,mkildahl24,JIdi2JM
78,aschrinel25,BgAhD4kM
79,eaisbett26,IXrYdT1OEU6h
80,latwood27,iMNp9fsf6
81,kdurgan28,MHIZeFw
82,smollison29,FuSExrw
83,jmohring2a,1NOJ4byN6
84,cstannering2b,aic24BbTiyg
85,ewiltshire2c,CpMr9f
86,pdahlborg2d,79BgqR4t45g9
87,cspellecy2e,RPMtGBoWvKa6
88,mmcphillimey2f,8h9YXu
89,pdonaghy2g,0RzxpnFK
90,cloukes2h,moXbz9JgdS9I
91,lmadeley2i,xXji0VAqD1Ti
92,cklehyn2j,P4wn6kIO
93,hpiddocke2k,nKpPZYFzOQ
94,agoodluck2l,T1MIvO5W2Dg
95,zstubbins2m,E6nvlr2x94Q
96,ggoundsy2n,eCODCr5a
97,glancaster2o,NyVFapRjwAxH
98,nbrashier2p,cwnOXIUTV2
99,ahuc2q,ORLSbJu
100,acurnnokk2r,1ECZj7
101,fwellfare2s,FJTWaW85
102,aosbaldeston2t,ApBhfp7WsNO5
103,lcoldicott2u,iMrkZx4g
104,sodoherty2v,bSEgLTlFPYy8
105,hslora2w,Dio4yd
106,udoby2x,3YGlzq
107,estreak2y,mKjpbI
108,sgillion2z,BIrJP3Ab2
109,wdellenty30,P9hRJv3xRiT
110,rmeeson31,11JMsr
111,slidgley32,cXd9T7
112,fbuffey33,pqxelTh
113,kdoud34,4bJTmJp
114,pkleeman35,e9YRsq
115,aloines36,lFmbYag
116,byelland37,yM1miuKymkM
117,rmapholm38,aby4HEeDWJS
118,blingwood39,YVHtPUqv
119,eorsi3a,hyz8knyeYN
120,mmartindale3b,jPhfBS
121,kshewring3c,xLQXpUF
122,lelcocks3d,50sebBCkB
123,mgrishaev3e,EqcZkrIg7OL
124,cscholl3f,OS2n2f1Rs
125,lambler3g,1Cjl8h
126,reberts3h,HBDI48aTUaT
127,tgregorowicz3i,C0onq2eU
128,dleroux3j,Fd2vHPZgr4
129,fseery3k,cvh0scQM
130,dporteous3l,HIXIu3f
131,pstadding3m,oDUv0H
132,ffeldhammer3n,J6sXtIHKin9
133,amaliffe3o,QTOG3kT
134,wmccard3p,vlKuj1
135,dmatijevic3q,5bNyKPAEBRV
136,cjosh3r,kS9Cz2nha
137,dpesek3s,1Nhgzl
138,fnorcock3t,qXgDUSmKnh
139,jcarmichael3u,2o3FhrpAh
140,flennie3v,1YLc14El4D
141,hscurrell3w,Sx8LGraF12
142,lharrigan3x,RAqtpT0u
143,lheffernon3y,vLFRYl9twJwp
144,gcalvey3z,BTVWVjRjpF
145,ofoxton40,Qs7rbv0
146,rsutherns41,pd79E8i
147,cmckomb42,xjeUsHFKJA73
148,apennell43,yMbqo3tyfk
149,kkittley44,o8oe7U6oMrh
150,kskacel45,jEZQLY29J
151,lglaves46,iRia0W3
152,agradley47,Z5QgUZRgI
153,jcrutchley48,ZAZV5WOW
154,bmostin49,dRh91UaMPh2
155,hwoolsey4a,dHexTD5hAV
156,sbinning4b,tYVgEQn
157,csloey4c,1Fq4Qm0cTOHn
158,emarieton4d,gvsvozDie
159,kdensumbe4e,mDEaj8McJeJz
160,mdutnell4f,GrxG7LbqdH
161,zlowy4g,4VUjy38Jy
162,sbrownrigg4h,SkCcFeSANA
163,mbaraja4i,nuNuvjLQ4Ha
164,ldelue4j,EvxgWkwwvrS
165,tsay4k,HRYImKCcjGX
166,wvalance4l,CoWLyS
167,samery4m,qi0W01f9ZFNH
168,awalter4n,MztnUov
169,chowden4o,2XlTmttstzl
170,kbondesen4p,fJveFOScc
171,cstreak4q,uoFfZ27
172,fhaithwaite4r,TW74M3rvQ
173,oscrogges4s,tdm4ukAfY
174,asimmen4t,Dgr1dFX0
175,ntrew4u,PLNUu4
176,fwoliter4v,wRvKEt4c
177,ayarranton4w,Y1Xe5b7mP
178,gdesporte4x,0R729rr5fbu
179,gredan4y,5ZfxtuWCfv
180,cmctrustrie4z,nVpacqwZVA9
181,zbeathem50,4yfMGvgQjrjg
182,hhandmore51,v5hlDJm0me4
183,wewen52,2iV7YfkfHED
184,ccoghlin53,bSdjNQu1
185,emurfett54,eSRpbyKsK
186,dbruna55,0yZynpTMrh
187,brefford56,luWC6r2
188,schaunce57,jBKmKZf
189,rmocker58,R7B715W
190,mwhimp59,2zClriFCM
191,ccribbin5a,xOVfOJuQA
192,rquimby5b,AV7ThnKj
193,bjancso5c,x5ga4JZd8n
194,kcaulliere5d,le9NXePDxCw
195,mbaulcombe5e,5IGHApE
196,mpuvia5f,P557PWZSe
197,arubury5g,pGCxcT2UicN
198,xglading5h,puYGUgAsY
199,ascotfurth5i,4u2CPD3yv2RY
200,skarpman5j,STZnByQ
201,admin,admin
202,teacher,teacher
203,student,student